{
    "default_width": 71,
    "default_height": 71,
    "space_h": 17,
    "space_v": 17,
    "flags": 8,
    "overlay_width": 511,
    "overlay_height": 159,
    "elements": [
        {
            "type": 1,
            "pos": [
                0,
                0
            ],
            "id": "keyboard button0",
            "z_level": 0,
            "mapping": [
                1,
                1,
                71,
                71
            ],
            "code": 42
        },
        {
            "type": 1,
            "pos": [
                0,
                88
            ],
            "id": "keyboard button1",
            "z_level": 0,
            "mapping": [
                75,
                1,
                71,
                71
            ],
            "code": 30
        },
        {
            "type": 1,
            "pos": [
                88,
                0
            ],
            "id": "keyboard button2",
            "z_level": 0,
            "mapping": [
                149,
                1,
                71,
                71
            ],
            "code": 17
        },
        {
            "type": 1,
            "pos": [
                88,
                88
            ],
            "id": "keyboard button3",
            "z_level": 0,
            "mapping": [
                223,
                1,
                71,
                71
            ],
            "code": 31
        },
        {
            "type": 1,
            "pos": [
                176,
                88
            ],
            "id": "keyboard button4",
            "z_level": 0,
            "mapping": [
                297,
                1,
                71,
                71
            ],
            "code": 32
        },
        {
            "type": 3,
            "pos": [
                176,
                0
            ],
            "id": "mouse button5",
            "z_level": 0,
            "mapping": [
                371,
                1,
                159,
                71
            ],
            "code": 1
        },
        {
            "type": 1,
            "pos": [
                264,
                88
            ],
            "id": "keyboard button6",
            "z_level": 0,
            "mapping": [
                696,
                1,
                246,
                71
            ],
            "code": 57
        },
        {
            "type": 3,
            "pos": [
                352,
                0
            ],
            "id": "mouse button7",
            "z_level": 0,
            "mapping": [
                533,
                1,
                159,
                71
            ],
            "code": 2
        }
    ]
}